{"cameraMode":{"drawMode":0,"name":"Shaded","section":"Shading Mode"},"sceneLighting":false,"audioPlay":false,"sceneViewState":{"showFog":true,"showMaterialUpdate":false,"showSkybox":false,"showFlares":true,"showImageEffects":true,"showParticleSystems":true},"in2DMode":false,"pivot":{"x":-2.1005239486694338,"y":-0.48655271530151369,"z":-5.053847789764404},"rotation":{"x":0.31507760286331179,"y":0.3186796009540558,"z":-0.11323034763336182,"w":0.8867667317390442},"size":8.779593467712403,"orthographic":false}