{"cameraMode":{"drawMode":0,"name":"Shaded","section":"Shading Mode"},"sceneLighting":false,"audioPlay":false,"sceneViewState":{"showFog":true,"showMaterialUpdate":false,"showSkybox":true,"showFlares":true,"showImageEffects":true,"showParticleSystems":true},"in2DMode":false,"pivot":{"x":0.37354570627212527,"y":-0.168487548828125,"z":-1.356882095336914},"rotation":{"x":0.2545478641986847,"y":0.01160447672009468,"z":-0.003054580884054303,"w":0.9669896364212036},"size":36.641380310058597,"orthographic":false}