{"cameraMode":{"drawMode":0,"name":"Shaded","section":"Shading Mode"},"sceneLighting":false,"audioPlay":false,"sceneViewState":{"showFog":true,"showMaterialUpdate":false,"showSkybox":false,"showFlares":true,"showImageEffects":true,"showParticleSystems":true},"in2DMode":false,"pivot":{"x":8.806519508361817,"y":-0.7065362930297852,"z":2.2591702938079836},"rotation":{"x":0.25825557112693789,"y":0.15852324664592744,"z":-0.04300311580300331,"w":0.9520124793052673},"size":10.701929092407227,"orthographic":false}